{
  "metadata": {
    "total_pre_documents": 170,
    "total_post_documents": 198,
    "threshold_pre_documents": {
      "liquidity": 13,
      "capital": 31,
      "small bank": 17,
      "concentration": 6,
      "community bank": 7,
      "capital requirement": 1
    },
    "threshold_post_documents": {
      "liquidity": 40,
      "capital": 60,
      "capital requirement": 10,
      "small bank": 16,
      "community bank": 22,
      "concentration": 20,
      "mid-sized bank": 1,
      "interest rate risk": 3
    }
  },
  "poisson_results": {
    "liquidity": {
      "pre_rate": 0.07647058823529412,
      "post_rate": 0.20202020202020202,
      "rate_change": 0.1255496137849079,
      "rate_ratio": 2.6418026418026415,
      "lr_statistic": 10.612766413627,
      "p_value": 0.001123095350572867,
      "significant": true
    },
    "capital": {
      "pre_rate": 0.18235294117647058,
      "post_rate": 0.30303030303030304,
      "rate_change": 0.12067736185383246,
      "rate_ratio": 1.66177908113392,
      "lr_statistic": 5.511671924949422,
      "p_value": 0.018889981185450044,
      "significant": true
    },
    "capital requirement": {
      "pre_rate": 0.0058823529411764705,
      "post_rate": 0.050505050505050504,
      "rate_change": 0.044622697563874034,
      "rate_ratio": 8.585858585858587,
      "lr_statistic": 7.238893010042013,
      "p_value": 0.007134095179540778,
      "significant": true
    },
    "small bank": {
      "pre_rate": 0.1,
      "post_rate": 0.08080808080808081,
      "rate_change": -0.01919191919191919,
      "rate_ratio": 0.8080808080808081,
      "lr_statistic": 0.3743758300120663,
      "p_value": 0.5406286741151556,
      "significant": false
    },
    "mid-sized bank": {
      "pre_rate": 0.0,
      "post_rate": 0.005050505050505051,
      "rate_change": 0.005050505050505051,
      "rate_ratio": Infinity,
      "lr_statistic": 0,
      "p_value": 1.0,
      "significant": false
    },
    "community bank": {
      "pre_rate": 0.041176470588235294,
      "post_rate": 0.1111111111111111,
      "rate_change": 0.06993464052287582,
      "rate_ratio": 2.698412698412698,
      "lr_statistic": 6.029334839859565,
      "p_value": 0.01407003431527265,
      "significant": true
    },
    "interest rate risk": {
      "pre_rate": 0.0,
      "post_rate": 0.015151515151515152,
      "rate_change": 0.015151515151515152,
      "rate_ratio": Infinity,
      "lr_statistic": 0,
      "p_value": 1.0,
      "significant": false
    },
    "concentration": {
      "pre_rate": 0.03529411764705882,
      "post_rate": 0.10101010101010101,
      "rate_change": 0.06571598336304219,
      "rate_ratio": 2.861952861952862,
      "lr_statistic": 5.969434908179094,
      "p_value": 0.014555944669885412,
      "significant": true
    }
  }
}