Keyword,Pre_Documents,Post_Documents,Total_Pre_Documents,Total_Post_Documents,Pre_Rate,Post_Rate,Rate_Change,Rate_Ratio,LR_Statistic,P_Value,Significant
liquidity,13,40,170,198,0.07647058823529412,0.20202020202020202,0.1255496137849079,2.6418026418026415,10.612766413627,0.001123095350572867,True
capital,31,60,170,198,0.18235294117647058,0.30303030303030304,0.12067736185383246,1.66177908113392,5.511671924949422,0.018889981185450044,True
capital requirement,1,10,170,198,0.0058823529411764705,0.050505050505050504,0.044622697563874034,8.585858585858587,7.238893010042013,0.007134095179540778,True
small bank,17,16,170,198,0.1,0.08080808080808081,-0.01919191919191919,0.8080808080808081,0.3743758300120663,0.5406286741151556,False
mid-sized bank,0,1,170,198,0.0,0.005050505050505051,0.005050505050505051,inf,0.0,1.0,False
community bank,7,22,170,198,0.041176470588235294,0.1111111111111111,0.06993464052287582,2.698412698412698,6.029334839859565,0.01407003431527265,True
interest rate risk,0,3,170,198,0.0,0.015151515151515152,0.015151515151515152,inf,0.0,1.0,False
concentration,6,20,170,198,0.03529411764705882,0.10101010101010101,0.06571598336304219,2.861952861952862,5.969434908179094,0.014555944669885412,True
