Keyword,Pre_Count,Post_Count,Pre_Doc_Count,Post_Doc_Count,Count_Change,Count_Change_Pct,Pre_Frequency,Post_Frequency,Frequency_Change,Word_Freq_P_Value,Word_Freq_Significant,Pre_Doc_Proportion,Post_Doc_Proportion,Doc_Proportion_Change,Fisher_P_Value,Fisher_Odds_Ratio,Binomial_P_Value,Doc_Analysis_Significant
liquidity,85,2024,20,46,1939,2281.176470588235,0.06348020911127707,0.1806981519507187,11.721794283944163,3.4561644458630704e-27,True,0.11764705882352941,0.23232323232323232,11.467617349970292,0.004281855340744007,0.4405797101449275,6.742643788131516e-06,True
capital,703,8666,39,93,7963,1132.7169274537696,0.5250186706497386,0.7736809213463084,24.866225069656977,7.774832923355488e-87,True,0.22941176470588234,0.4696969696969697,24.028520499108737,1.529574527516581e-06,0.3361241073627185,1.2591309446134555e-13,True
small bank,551,511,17,23,-40,-7.2595281306715105,0.41150112023898433,0.04562092670297295,-36.58801935360113,0.0,True,0.1,0.11616161616161616,1.6161616161616155,0.7373438109551056,0.8454106280193237,0.40869714196624984,False
