Keyword,Pre_Count,Post_Count,Pre_Doc_Count,Post_Doc_Count,Count_Change,Count_Change_Pct,Pre_Frequency,Post_Frequency,Frequency_Change,Word_Freq_P_Value,Word_Freq_Significant,Pre_Doc_Proportion,Post_Doc_Proportion,Doc_Proportion_Change,Fisher_P_Value,Fisher_Odds_Ratio,Binomial_P_Value,Doc_Analysis_Significant
liquidity,85,2024,20,46,1939,2281.176470588235,0.06348020911127707,0.17636807249912861,11.288786338785155,8.325658073978986e-26,True,0.11764705882352941,0.23232323232323232,11.467617349970292,0.004281855340744007,0.4405797101449275,6.742643788131516e-06,True
capital,703,8666,39,93,7963,1132.7169274537696,0.5250186706497386,0.7551411641686999,23.01224935189613,5.790170184142632e-72,True,0.22941176470588234,0.4696969696969697,24.028520499108737,1.529574527516581e-06,0.3361241073627185,1.2591309446134555e-13,True
small bank,551,511,17,23,-40,-7.2595281306715105,0.41150112023898433,0.044527710003485536,-36.69734102354988,0.0,True,0.1,0.11616161616161616,1.6161616161616155,0.7373438109551056,0.8454106280193237,0.40869714196624984,False
interest rate risk,0,253,0,9,253,inf,0.0,0.022046009062391077,2.204600906239108,1.2008954327003031e-07,True,0.0,0.045454545454545456,4.545454545454546,0.0043202924778739426,0.0,5.59950224773775e-45,True
concentration risk,0,22,0,5,22,inf,0.0,0.0019170442662948763,0.1917044266294876,0.3380195074992913,False,0.0,0.025252525252525252,2.525252525252525,0.06441289764626384,0.0,1.2314364929436383e-50,True
